Dispensary Name	License Name	License	City	Times on List
Amped Dispensary	Amped Dispensary	OCM-MICR-25-000288	Amherst	3
BK Exotic	BK Exotic Outlet LLC	OCM-CAURD-24-000048	Brooklyn	3
Brooklyn Organic Buds	Brooklyn Organic Buds LLC	OCM-CAURD-24-000130	Brooklyn	3
Brooklyn Urban Dispensary	Brooklyn Urban Dispensary	OCM-CAURD-26-000325	Brooklyn	3
Brown Budda New York	Brown Budda New York	OCM-CAURD-24-000157	Southampton	3
Bud City Cannabis	Bud City Cannabis LLC	OCM-RETL-24-000063	Brooklyn	3
Canna Planet Ellenville	Ellenville Cannabis LLC	OCM-RETL-24-000168	Ellenville	3
Canna Planet Newburgh	Cannabliss Recreational LLC	OCM-RETL-24-000091	Newburgh	3
Capital District Cannabis & Wellness Inc.	Capital District Cannabis & Wellness Inc.	OCM-CAURD-23-000028	Albany	3
Coney Island Cannabis	MZDZ Corp	OCM-RETL-24-000096	Brooklyn	3
Cotton Mouth Dispensary	Solo Greenery	OCM-CAURD-25-000227	Binghamton	3
Dazed	Florisun LLC	OCM-CAURD-23-000008	New York	3
Dazed Albany	Dazed Albany	OCM-CAURD-26-000347	Loudonville	3
Dazed Syracuse	Dazed Syracuse	OCM-RETL-24-000227	Syracuse	3
Flower Power Dispensers Maspeth	Flower Power Dispensers Maspeth	OCM-CAURD-25-000309	Maspeth	3
Fluent	Etain, LLC	MM0408D	White Plains	3
Fluent Kingston	Etain, LLC.	MM0403D	Kingston	3
Fluent Manhattan	Etain, LLC.	MM0407D	New York	3
FlynnStoned Greenpoint	Altitude NY LLC	OCM-RETL-24-000121	Brooklyn	3
FlynnStoned Rochester	Lisa Birnbaum Personal Training, LLC	OCM-RETL-24-000108	Rochester	3
Freshly Baked NYC	DNP-Y Inc	OCM-CAURD-24-000137	Bronx	3
Good Grades, LLC	Good Grades, LLC	OCM-CAURD-23-000007	Jamaica	3
Good Life Buffalo	RKWS, LLC	OCM-RETL-24-000187	Buffalo	3
Gotham Buds	Gotham Buds LLC	OCM-CAURD-23-000023	New York	3
Green Comfort Dispensary	Green Comfort Inc.	OCM-RETL-25-000302	Rochester	3
Grow Together	Grow Together LLC	OCM-CAURD-23-000034	Brooklyn	3
Happy Munkey Brooklyn	Ramon Reyes LLC	OCM-CAURD-24-000079	Brooklyn	3
Happy Tree	Happy Tree	OCM-RETL-24-000248	Newburgh	3
Herbology	1106 REBECCA ST LIMITED LIABILITY COMPANY	OCM-CAURD-24-000177	Brooklyn	3
High Class Smokes	High Class Smokes	OCM-RETL-25-000442	Jackson Heights	3
Higher Tolerance	badu management corp	OCM-CAURD-24-000054	Albany	3
Housing Works Cannabis Co NoMad	Housing Works Cannabis Co NoMad	OCM-CAURD-24-000225	New York	3
Hub Dispensary	Kingston Cannabis LLC	OCM-RETL-25-000301	Kingston	3
Ignyte Red Hook	Upstate Edge, LLC	OCM-RETL-24-000033	Brooklyn	3
Indoor Treez	Indoor Treez Corp.	OCM-CAURD-24-000120-584-8th-ave-new-york	New York	3
Indoor Treez Fashion Avenue	Indoor Treez Fashion Avenue	OCM-CAURD-24-000120-474-7th-ave-new-york	New York	3
Indoor Treez Howard Beach	Indoor Treez Howard Beach	OCM-RETL-25-000414	Howard Beach	3
Jungle Kingdom Flower	Jungle Kingdom Flower Company LLC	OCM-RETL-24-000088	Brooklyn	3
Just a Little Higher Fishkill			OCM-RETL-25-000445		3
Just A Little Higher Kew Gardens	Just A Little Higher Kew Gardens	OCM-CAURD-25-000319	Flushing	3
Kushmart Lancaster	Kushmart Lancaster	OCM-RETL-24-000072	Lancaster	3
Mr Good Vybz	No Volume Records LLC	OCM-CAURD-24-000107	Albany	3
My Bud 420	My Bud 420 Inc.	OCM-RETL-24-000008	Bronx	3
NYCBUD Midtown	Level Up Nyc Corp.	OCM-CAURD-25-000291	New York	3
Paradise Cannabis	Paradise Cannabis LLC	OCM-RETL-25-000346	Brooklyn	3
Purple Owl Dispensary	Westchester Harvesting Company LLC	OCM-CAURD-24-000124	White Plains	3
Q Dispensary	OET INC.	OCM-RETL-24-000011	Brooklyn	3
Royal Blend Dispensary	Royal Blend Dispensary LLC	OCM-CAURD-24-000179	Kingston	3
Skalz	Skalz	OCM-RETL-24-000236	Vestal	3
Sky High Club	Sky High Club LLC	OCM-CAURD-25-000239	New York	3
Smacked Village	Smacked LLC	OCM-CAURD-23-000002	New York	3
Smoking Scholars	Smoking Scholars LLC	OCM-CAURD-24-000200	Bronx	3
Statis Cannabis	Royal Leaf NY LLC	OCM-CAURD-23-000015	Bronx	3
Stellar Dispensary	Zootiez LLC	OCM-RETL-24-000143	Newburgh	3
Strain Stars LLC	Strain Stars LLC	OCM-CAURD-23-000016	Farmingdale	3
Strain Stars Riverhead	Kaur Consulting LLC	OCM-RETL-24-000223	Riverhead	3
The Flowery Bronx			OCM-CAURD-25-000236		3
The Gallery at Dumbo	The Gallery at Dumbo	OCM-RETL-26-000492	Brooklyn	3
The Herbal Care	THE HERBAL CARE THC LLC	OCM-CAURD-23-000036	New York	3
The HighLife NY	The HighLife NY	OCM-CAURD-25-000277	West Babylon	3
The Joint	Buffalo Cannabis Connect, LLC	OCM-RETL-24-000264	Buffalo	3
The People's Joint	The Weed Spot LLC	OCM-CAURD-24-000181	Schenectady	3
The Spot Dispensary	ARE WE GOOD ENTERPRISES INC.	OCM-CAURD-24-000051	Brooklyn	3
The Unit			OCM-RETL-25-000369		3
Thrive Syracuse	CCA Buds Syracuse, inc	OCM-CAURD-24-000224	Syracuse	3
William Jane Corporation	William Jane Corporation	OCM-CAURD-23-000006	Ithaca	3
Astoria Bud Boutique	Astoria Bud Boutique	OCM-CAURD-25-000226	Astoria	2
Buffalo Cannabis Outlet			OCM-RETL-24-000082		2
By Any Other Name	XANDER LEGACY, LLC	OCM-CAURD-24-000145	Brooklyn	2
Collegetown Dispensary	ATNC INC	OCM-RETL-24-000074	Ithaca	2
Dark Horse Cannabis Dispensary	Dark Horse 2 Corp	OCM-RETL-24-000073	Albany	2
DISPO/BK			OCM-RETL-24-000189		2
FlynnStoned Rochester, N Goodman St	FlynnStoned Rochester, N Goodman St	OCM-CAURD-26-000328	Rochester	2
FlynnStoned Rochester, West Ridge Rd				Rochester	2
Frass Box	Frass Box Cannabis LLC	OCM-CAURD-24-000165	Bronx	2
Green Leaf Cannabis & Wellness	BHOLECBD INC.	OCM-CAURD-25-000232	Newburgh	2
Happy Munkey	Vladimir Bautista, LLC	OCM-CAURD-24-000176	New York	2
IGNYTE	IGNYTE	OCM-RETL-24-000077	Whitestone	2
Just a Little Higher	Just a Little Higher	OCM-RETL-24-000068	Queens	2
Just A Little Higher Murray Hill	A Little Place to Relax LLC	OCM-CAURD-24-000156	New York	2
Just A Little Higher Troy	Humble County LLC	OCM-CAURD-23-000032	Troy	2
Just A Little Higher Upper West Side	Dagga LLC	OCM-CAURD-24-000136	New York	2
PRYZM Dispensary	SLG-DB LLC	OCM-CAURD-24-000184	New York	2
Puro Vita	Puro vita enterprises inc.	OCM-CAURD-24-000073	Brooklyn	2
Terp Bros	Terp Bros	OCM-CAURD-23-000020	Queens	2
The Emerald Dispensary	TEDG LLC	OCM-CAURD-24-000057	Brooklyn	2
The Flavor Factory	The Flavor Factory	OCM-RETL-25-000459	Niagara Falls	2
The Travel Agency Downtown Brooklyn	GMDSS	OCM-CAURD-24-000091	Brooklyn	2
The Travel Agency Fifth Avenue	Terrapin Greens LLC	OCM-CAURD-24-000125	New York	2
The Travel Agency SoHo	TANGO HOTEL CHARLIE VENTURES LLC	OCM-RETL-25-000355	New York	2
The Travel Agency Union Square	The Doe Store LLC	OCM-CAURD-23-000003	New York	2
Toke Lane	Erie County Cannabis LLC	OCM-RETL-24-000132	Buffalo	2
Twisted Vibration	Twisted Vibration LLC	OCM-CAURD-24-000191	Brooklyn	2
Victory Dispensary	Victory Dispensary	OCM-CAURD-25-000324	Bronx	2
Weedly NYC	Weedly NYC	OCM-RETL-25-000324	Brooklyn	2
420 Bliss / Just A Little Higher			OCM-CAURD-23-000032		1
Big City Flavors	Big City Flavors	OCM-CAURD-25-000263	South Richmond Hill	1
Cannabis Scentral				Astoria	1
Cannadreams	CANNADREAMS INC.	OCM-CAURD-24-000114	New York	1
Carnegie Hill Cannabis Co.	Carnegie Hill Cannabis Co.	OCM-RETL-24-000021	New York	1
Carry-On Cannabis	Carry-On Cannabis NY LLC	OCM-RETL-24-000219	Niagara Falls	1
Chelsea Cannabis Co.	Actualize Dispensary Inc	OCM-CAURD-25-000243	New York	1
Crush Dispensary	Big Bro Consulting LLC	OCM-CAURD-24-000223	Albany	1
Dream Daze	Dream Daze LLC	OCM-RETL-24-000156	Depew	1
Flynnstoned Corporation	FLYNNSTONED CORPORATION	OCM-CAURD-23-000010	Syracuse	1
FlynnStoned West Village	FlynnStoned West Village	OCM-CAURD-26-000334	New York	1
Ganja Express Dispensary	Ganja Express Dispensary	OCM-RETL-25-000279	Yorkville	1
Green Flower Wellness Ozone Park	Green Flower Wellness Ozone Park	OCM-RETL-25-000438	Ozone Park	1
Green Leaf Dispensary			OCM-CAURD-25-000232		1
Happy Munkey Dyckman			OCM-CAURD-24-000176		1
Happy Times Cannabis Co.	Happy Times Cannabis Co.	OCM-RETL-24-000082	Cheektowaga	1
Happy Times Staten Island	Happy Times Staten Island	OCM-RETL-25-000448	Staten Island	1
Haze and Harvest	Haze and Harvest	OCM-CAURD-25-000323	Newark	1
Hold Up Roll Up, LLC	Hold Up Roll Up, LLC	OCM-CAURD-24-000135	Albany	1
Hudson Haze	Hudson Haze	OCM-CAURD-25-000322	Brooklyn	1
Ignyte Whitestone			OCM-RETL-24-000077		1
NY Cannabis Co.	AA 301 W. 45th St Inc.	OCM-RETL-24-000178	New York	1
RISE	Fiorello Pharmaceuticals, Inc.	MM0704D	Rochester	1
RISE Dispensary East Syracuse	Fiorello Pharmaceuticals, Inc.	MM0706D	East Syracuse	1
RISE Dispensary Halfmoon	RISE Dispensary Halfmoon	MM0705D	Halfmoon	1
Rolling J's				New York	1
Southern Tier Cannabis	Southern Tier Cannabis	OCM-RETL-25-000350	Alfred	1
The Travel Agency			SoHo — OCM-RETL-25-000355		1
